Name ,,,Purpose,,Quantity,,Total Cost(USD),,Links
,,,,,,,,,
10 uF Tantalum Capacitor,,,Capacitors,,2,,"$0,69",,link
22 uF Tantalum,,,Capacitors,,1,,$0.62,,link
ESP32-S3 WROOM-1-N8,,,Microcontroller,,1,,$5.06,,link
0.1uF Capacitor,,,Capacitors,,2,,$0.39,,link
LED ,,,Power Led,,1,,$0.85,,link
USB-C Port,,,Usb Port,,1,,$1.46,,link
Connector 4 Pin,,,Pins,,2,,$0.49,,link
Connector 6 Pin,,,Pins,,4,,$2.50,,link
5.1k Resistors,,,Resistor,,3,,$0.58,,link
10K Resistors,,,Resistor,,1,,$0.36,,link
Buttons,,,RESET and BOOT,,2,,$1.58,,link
ESD,,,ESD,,1,,$0.46,,link
3.3v regulator,,,3.3 Regulation,,1,,$1.09,,link